{"cameraMode":{"drawMode":0,"name":"Shaded","section":"Shading Mode"},"sceneLighting":false,"audioPlay":false,"sceneViewState":{"m_AlwaysRefresh":false,"showFog":true,"showSkybox":false,"showFlares":true,"showImageEffects":true,"showParticleSystems":true,"showVisualEffectGraphs":true,"m_FxEnabled":true},"in2DMode":false,"pivot":{"x":-0.8947720527648926,"y":0.3520071506500244,"z":-1.5058021545410157},"rotation":{"x":-0.032485831528902057,"y":0.9507642984390259,"z":-0.10683582723140717,"w":-0.28911736607551577},"size":2.0070362091064455,"orthographic":false}